datetime,open,high,low,close,volume
2026/6/17 12:23,431.95,431.95,431.88,431.88,0
2026/6/17 12:24,431.86,431.86,431.78,431.78,0
2026/6/17 12:25,431.78,431.78,431.74,431.74,0
2026/6/17 12:26,431.7,431.79,431.7,431.79,0
2026/6/17 12:27,431.97,432.07,431.97,432.07,0
2026/6/17 12:28,432.17,432.17,432.09,432.09,0
2026/6/17 12:29,432.21,432.21,431.96,431.96,0
2026/6/17 12:30,432.18,432.18,431.75,431.75,0
2026/6/17 12:31,431.64,431.64,431.56,431.56,0
2026/6/17 12:32,431.15,431.2,431.15,431.2,0
2026/6/17 12:33,431.26,431.26,431.26,431.26,0
2026/6/17 12:34,431.32,431.34,431.32,431.34,0
2026/6/17 12:35,431.22,431.22,431.15,431.15,0
2026/6/17 12:36,430.93,431.1,430.93,431.09,0
2026/6/17 12:37,431.2,431.2,431.2,431.2,0
2026/6/17 12:38,431.15,431.15,430.95,430.95,0
2026/6/17 12:39,430.92,430.92,430.92,430.92,0
2026/6/17 12:40,430.96,430.96,430.94,430.94,0
2026/6/17 12:41,430.95,430.95,430.93,430.93,0
2026/6/17 12:42,430.8,430.8,430.73,430.73,0
2026/6/17 12:43,430.65,430.65,430.58,430.58,0
2026/6/17 12:44,430.51,430.54,430.51,430.54,0
2026/6/17 12:45,430.43,430.43,430.38,430.38,0
2026/6/17 12:46,430.38,430.45,430.38,430.45,0
2026/6/17 12:47,430.51,430.51,430.38,430.38,0
2026/6/17 12:48,430.51,430.51,430.39,430.39,0
2026/6/17 12:49,430.45,430.45,430.45,430.45,0
2026/6/17 12:50,430.58,430.58,430.57,430.57,0
2026/6/17 12:51,430.67,430.67,430.66,430.66,0
2026/6/17 12:52,430.57,430.66,430.57,430.66,0
2026/6/17 12:53,430.68,430.68,430.64,430.64,0
2026/6/17 12:54,430.59,430.61,430.59,430.61,0
2026/6/17 12:55,430.7,430.7,430.59,430.59,0
2026/6/17 12:56,430.44,430.5,430.44,430.5,0
2026/6/17 12:57,430.54,430.54,430.28,430.28,0
2026/6/17 12:58,430.2,430.2,430.09,430.09,0
2026/6/17 12:59,429.97,430,429.97,430,0
2026/6/17 13:00,430.02,430.15,430.02,430.15,0
2026/6/17 13:01,430.33,430.38,430.33,430.38,0
2026/6/17 13:02,430.74,430.76,430.74,430.76,0
